{
    "type": "minecraft:crafting_shapeless",
    "ingredients": [
        {
            "item": "minecraft:bamboo_slab"
        }
	{
            "item": "minecraft:bamboo_slab"
        }
	{
            "item": "minecraft:bamboo_slab"
        }
	{
            "item": "minecraft:bamboo_slab"
        }
	{
            "item": "minecraft:bamboo_slab"
        }
	{
            "item": "minecraft:bamboo_slab"
        }
    ],
    "result": {
        "item": "minecraft:bamboo_planks",
        "count": 3
    },
    "group": "Recycling"
}
