{
    "type": "minecraft:crafting_shapeless",
    "ingredients": [
        {
            "item": "minecraft:orange_stained_glass_pane"
        },
        {
            "item": "minecraft:orange_stained_glass_pane"
        },
        {
            "item": "minecraft:orange_stained_glass_pane"
        },
        {
            "item": "minecraft:orange_stained_glass_pane"
        },
        {
            "item": "minecraft:orange_stained_glass_pane"
        },
        {
            "item": "minecraft:orange_stained_glass_pane"
        },
        {
            "item": "minecraft:orange_stained_glass_pane"
        },
        {
            "item": "minecraft:orange_stained_glass_pane"
        }
    ],
    "result": {
        "item": "minecraft:orange_stained_glass",
        "count": 3
    },
    "group": "Recycling"
}